ethanolamine utilization,['4-Methylpyrazole']
 mixed acid fermentation,['4-Methylpyrazole']
 pyruvate fermentation to ethanol I,['4-Methylpyrazole']
 ethanol degradation I,['4-Methylpyrazole']
 ethanol degradation II,['4-Methylpyrazole']
 superpathway of N-acetylneuraminate degradation,['4-Methylpyrazole']
Stimuli-sensing channels,['AMILORIDE']
 Iron uptake and transport,"['AMILORIDE', 'Iron']"
 Amiloride Action Pathway,['AMILORIDE']
 Transport of small molecules,['AMILORIDE']
 Ion channel transport,['AMILORIDE']
Capecitabine Action Pathway,['CAPECITABINE']
 Fluoropyrimidine Activity,['CAPECITABINE']
 Capecitabine Metabolism Pathway,['CAPECITABINE']
Biochemical Pathways Part I,['Carglumic acid']
Cerebral Organic Acidurias,['DL-Lysine']
 including diseases,['DL-Lysine']
Dasatinib Inhibition of BCR-ABL,['Dasatinib']
Cytosolic iron-sulfur cluster assembly,['Iron']
 Metabolism,"['Iron', 'hydroquinone', 'nitric oxide', 'phenytoin', 'salicylic acid']"
 Cytosolic iron-sulfur cluster assembly (yeast),['Iron']
 Porphyrin_metabolism ( Porphyrin metabolism ),['Iron']
nitrate reduction I (denitrification),['Nitrogen']
 cornusiin E biosynthesis,['Nitrogen']
 Nitrogen Metabolism,['Nitrogen']
 nitrogen fixation I (ferredoxin),"['Nitrogen', 'nitric oxide']"
 nitrogen fixation II (flavodoxin),['Nitrogen']
 nitrate reduction VII (denitrification),"['Nitrogen', 'nitric oxide']"
 nitrifier denitrification,"['Nitrogen', 'nitric oxide']"
 nitrite-dependent anaerobic methane oxidation,"['Nitrogen', 'nitric oxide']"
 superpathway of hydrolyzable tannin biosynthesis,['Nitrogen']
 ammonia oxidation II (anaerobic),"['Nitrogen', 'nitric oxide']"
 nitrogen fixation,['Nitrogen']
Remifentanil Action Pathway,['REMIFENTANIL']
Valproic Acid Metabolism Pathway,['VALPROIC ACID']
 Valproic acid pathway,['VALPROIC ACID']
Chlorothiazide Action Pathway,['chlorothiazide']
Fenoprofen Action Pathway,['fenoprofen']
Riboflavin Metabolism,['hydroquinone']
 4-aminophenol degradation,['hydroquinone']
 Phase I - Functionalization of compounds,"['hydroquinone', 'phenytoin']"
 Glycerol Kinase Deficiency,['hydroquinone']
 alkylnitronates degradation,['hydroquinone']
 TCA cycle (ubiquinol-3),['hydroquinone']
 Glycerol Phosphate Shuttle,['hydroquinone']
 beta-Ureidopropionase Deficiency,['hydroquinone']
 Dihydropyrimidinase Deficiency,['hydroquinone']
 Benzene metabolism,['hydroquinone']
 MNGIE (Mitochondrial Neurogastrointestinal Encephalopathy),['hydroquinone']
 D-Glyceric Acidura,['hydroquinone']
 Glycerolipid Metabolism,['hydroquinone']
 superpathway of parathion degradation,['hydroquinone']
 TCA cycle (ubiquinol-8),['hydroquinone']
 TCA cycle (ubiquinol-0),['hydroquinone']
 Pyrimidine Metabolism,['hydroquinone']
 TCA cycle (ubiquinol-2),['hydroquinone']
 TCA cycle (ubiquinol-7),['hydroquinone']
 TCA cycle (ubiquinol-9),['hydroquinone']
 4-hydroxyacetophenone degradation,['hydroquinone']
 Familial Lipoprotein Lipase Deficiency,['hydroquinone']
 TCA cycle (ubiquinol-10),['hydroquinone']
 Biological oxidations,"['hydroquinone', 'phenytoin', 'salicylic acid']"
 L-Alanine Metabolism,['hydroquinone']
 firefly bioluminescence,['hydroquinone']
 TCA cycle (ubiquinol-5),['hydroquinone']
 4-nitrophenol degradation I,['hydroquinone']
 Phospholipid Biosynthesis,['hydroquinone']
 UMP Synthase Deficiency (Orotic Aciduria),['hydroquinone']
 TCA Cycle,['hydroquinone']
 TCA cycle (ubiquinol-4),['hydroquinone']
 TCA cycle (ubiquinol-6),['hydroquinone']
L-lysine fermentation to acetate and butanoate,['isoniazid']
 L-ornithine degradation II (Stickland reaction),['isoniazid']
 superpathway of L-lysine degradation,['isoniazid']
 methanol and methylamine oxidation to formaldehyde,['isoniazid']
 phenylethylamine degradation I,['isoniazid']
 methylamine degradation I,['isoniazid']
 superpathway of phenylethylamine degradation,['isoniazid']
 deacetylcephalosporin C biosynthesis,['isoniazid']
 superpathway of C1 compounds oxidation to CO2,['isoniazid']
 superpathway of penicillin,['isoniazid']
 cephalosporin and cephamycin biosynthesis,['isoniazid']
 isoniazid activation,['isoniazid']
 L-arginine degradation (Stickland reaction),['isoniazid']
Mepivacaine Action Pathway,['mepivacaine']
Metolazone Action Pathway,['metolazone']
taxol biosynthesis,['miconazole']
 sesamin biosynthesis,['miconazole']
 zymosterol biosynthesis,['miconazole']
 superpathway of rosmarinic acid biosynthesis,['miconazole']
 rosmarinic acid biosynthesis I,['miconazole']
Succinate Signaling During Inflammation,['nitric oxide']
 L-Arginine:Glycine Amidinotransferase Deficiency,['nitric oxide']
 Metabolism of nitric oxide: eNOS activation and regulation,['nitric oxide']
 Response of Mtb to phagocytosis,['nitric oxide']
 Creatine Deficiency,['nitric oxide']
 Guanidinoacetate Methyltransferase Deficiency,['nitric oxide']
 Cellular responses to external stimuli,['nitric oxide']
 Nitric Oxide Signaling Pathway,['nitric oxide']
 Signaling by VEGF,['nitric oxide']
 Angiotensin II signaling (acute) in thick ascending limbs,['nitric oxide']
 nitrite reduction (hemoglobin),['nitric oxide']
 Signaling by Nuclear Receptors,['nitric oxide']
 eNOS activation and regulation,['nitric oxide']
 protein S-nitrosylation and denitrosylation,['nitric oxide']
 Phosphodiesterases in neuronal function,['nitric oxide']
 Spinal Cord Injury,['nitric oxide']
 Hyperprolinemia Type I,['nitric oxide']
 eNOS activation,['nitric oxide']
 NADH to cytochrome bo oxidase electron transfer II,['nitric oxide']
 Effects of Nitric Oxide,['nitric oxide']
 Succinate signaling,['nitric oxide']
 glycerol-3-phosphate to cytochrome bo oxidase electron transfer,['nitric oxide']
 Signaling Pathways,['nitric oxide']
 Cellular responses to stress,['nitric oxide']
 Detoxification of Reactive Oxygen Species,['nitric oxide']
 Arginine and Proline metabolism ( Arginine and Proline metabolism ),['nitric oxide']
 superpathway of L-citrulline metabolism,['nitric oxide']
 ROS and RNS production in phagocytes,['nitric oxide']
 Guanidinoacetate Methyltransferase Deficiency (GAMT Deficiency),['nitric oxide']
 Folate Metabolism,"['nitric oxide', 'pyridoxal phosphate']"
 citrulline-nitric oxide cycle,['nitric oxide']
 Disease,['nitric oxide']
 Renin - Angiotensin System,['nitric oxide']
 nitric oxide biosynthesis II (mammals),['nitric oxide']
 Hyperprolinemia Type II,['nitric oxide']
 VEGFR2 mediated vascular permeability,['nitric oxide']
 Vascular smooth muscle contraction,['nitric oxide']
 succinate to cytochrome bo oxidase electron transfer,['nitric oxide']
 Ornithine Aminotransferase Deficiency (OAT Deficiency),['nitric oxide']
 nitric oxide biosynthesis,['nitric oxide']
 Arginine and Proline Metabolism,['nitric oxide']
 Non-genomic estrogen signaling,['nitric oxide']
 nitrate reduction I (denitrification),['nitric oxide']
 NADH to cytochrome bd oxidase electron transfer I,['nitric oxide']
 Selenium Micronutrient Network,"['nitric oxide', 'pyridoxal phosphate']"
 D-lactate to cytochrome bo oxidase electron transfer,['nitric oxide']
 Hemostasis,['nitric oxide']
 nitric oxide biosynthesis (plants),['nitric oxide']
 nitric oxide biosynthesis III (bacteria),['nitric oxide']
 Innate Immune System,['nitric oxide']
 Citrulline-nitric oxide cycle,['nitric oxide']
 Smooth Muscle Contraction,['nitric oxide']
 proline to cytochrome bo oxidase electron transfer,['nitric oxide']
 nitric oxide biosynthesis I (plants),['nitric oxide']
 Nitric oxide stimulates guanylate cyclase,['nitric oxide']
 Arginine: Glycine Amidinotransferase Deficiency (AGAT Deficiency),['nitric oxide']
 Endothelin Pathways,['nitric oxide']
 Prolinemia Type II,['nitric oxide']
 Platelet homeostasis,['nitric oxide']
 succinate to cytochrome bd oxidase electron transfer,['nitric oxide']
 NADH to cytochrome bo oxidase electron transfer I,['nitric oxide']
 Vitamin B12 Metabolism,"['nitric oxide', 'pyridoxal phosphate']"
 Tolerance by Mtb to nitric oxide produced by macrophages,['nitric oxide']
 Hyperornithinemia with Gyrate Atrophy (HOGA),['nitric oxide']
 VEGFA-VEGFR2 Pathway,['nitric oxide']
 Alzheimers Disease,['nitric oxide']
 NO/cGMP/PKG mediated Neuroprotection,['nitric oxide']
 Muscle contraction,['nitric oxide']
 Amyotrophic lateral sclerosis (ALS),['nitric oxide']
 Hyperornithinemia-Hyperammonemia-Homocitrullinuria [HHH-syndrome],['nitric oxide']
 Signaling by Receptor Tyrosine Kinases,['nitric oxide']
 Prolidase Deficiency (PD),['nitric oxide']
 NADH to cytochrome bd oxidase electron transfer II,['nitric oxide']
 Infectious disease,['nitric oxide']
 ESR-mediated signaling,['nitric oxide']
 Immune System,['nitric oxide']
 Association Between Physico-Chemical Features and Toxicity Associated Pathways,['nitric oxide']
 Latent infection of Homo sapiens with Mycobacterium tuberculosis,['nitric oxide']
 Ion Channels and Their Functional Role in Vascular Endothelium,['nitric oxide']
 pyruvate to cytochrome bo oxidase electron transfer,['nitric oxide']
 miRNA regulation of p53 pathway in prostate cancer,['nitric oxide']
 PI3K-Akt Signaling Pathway,['nitric oxide']
 L-citrulline-nitric oxide cycle,['nitric oxide']
Phenytoin (Antiarrhythmic) Action Pathway,['phenytoin']
 Fosphenytoin (Antiarrhythmic) Metabolism Pathway,['phenytoin']
 Cytochrome P450 - arranged by substrate type,['phenytoin']
 Fosphenytoin (Antiarrhythmic) Action Pathway,['phenytoin']
 Xenobiotics,['phenytoin']
Pindolol Action Pathway,['pindolol']
Metabolism,['pyridoxal phosphate']
 Amino acid and derivative metabolism,['pyridoxal phosphate']
 Hypophosphatasia,['pyridoxal phosphate']
 Amino acid synthesis and interconversion (transamination),['pyridoxal phosphate']
 Methionine salvage pathway,['pyridoxal phosphate']
 Heme synthesis,['pyridoxal phosphate']
" ""Pyridoxal 5-phosphate salvage pathway""",['pyridoxal phosphate']
 GABA synthesis,"['pyridoxal phosphate', 'pyridoxal phosphate']"
 Pyridoxamine anabolism,['pyridoxal phosphate']
" ""Superpathway of pyridoxal 5-phosphate biosynthesis and salvage""",['pyridoxal phosphate']
 Vitamin B6 Metabolism,['pyridoxal phosphate']
 Metabolism of water-soluble vitamins and cofactors,['pyridoxal phosphate']
 Vitamins B6 activation to pyridoxal phosphate,['pyridoxal phosphate']
 pyridoxamine anabolism,['pyridoxal phosphate']
 Histidine,['pyridoxal phosphate']
 lysine,['pyridoxal phosphate']
 phenylalanine,['pyridoxal phosphate']
 tyrosine,['pyridoxal phosphate']
 proline and tryptophan catabolism,['pyridoxal phosphate']
 Cysteine synthesis from O-phosphoserine,['pyridoxal phosphate']
 Mitochondrial iron-sulfur cluster biogenesis,['pyridoxal phosphate']
 Gluconeogenesis,['pyridoxal phosphate']
 Regulation of ornithine decarboxylase (ODC),['pyridoxal phosphate']
 Degradation of GABA,['pyridoxal phosphate']
 Transmission across Chemical Synapses,['pyridoxal phosphate']
 Sulfur compound metabolism,['pyridoxal phosphate']
 Mycobacterium tuberculosis biological processes,['pyridoxal phosphate']
 Threonine catabolism,['pyridoxal phosphate']
 Selenoamino acid metabolism,['pyridoxal phosphate']
 Cysteine formation from homocysteine,['pyridoxal phosphate']
 Methionine De Novo and Salvage Pathway,['pyridoxal phosphate']
 Glyoxylate metabolism and glycine degradation,['pyridoxal phosphate']
 Vitamin B6 metabolism ( Vitamin B6 metabolism ),['pyridoxal phosphate']
 Selenocysteine synthesis,['pyridoxal phosphate']
 release,['pyridoxal phosphate']
 reuptake and degradation,['pyridoxal phosphate']
 Histidine catabolism,['pyridoxal phosphate']
 Metabolism of polyamines,['pyridoxal phosphate']
 Serine biosynthesis,['pyridoxal phosphate']
" ""Pyridoxal 5-phosphate biosynthesis""",['pyridoxal phosphate']
 Metabolism of ingested SeMet,['pyridoxal phosphate']
 Sec,['pyridoxal phosphate']
 MeSec into H2Se,['pyridoxal phosphate']
 Glycine degradation,['pyridoxal phosphate']
 Neurotransmitter release cycle,['pyridoxal phosphate']
 Amino acid metabolism,['pyridoxal phosphate']
 Degradation of cysteine and homocysteine,['pyridoxal phosphate']
 Carbohydrate metabolism,['pyridoxal phosphate']
 Vitamin B6,['pyridoxal phosphate']
 Glucose metabolism,['pyridoxal phosphate']
 Vitamin B6-dependent and responsive disorders,['pyridoxal phosphate']
 Sulfur amino acid metabolism,['pyridoxal phosphate']
 Folic Acid Network,['pyridoxal phosphate']
 Metabolism of vitamins and cofactors,['pyridoxal phosphate']
 Neuronal System,['pyridoxal phosphate']
 Cysteine synthesis from O-acetylserine,['pyridoxal phosphate']
 Molybdenum cofactor biosynthesis,['pyridoxal phosphate']
 One Carbon Metabolism,['pyridoxal phosphate']
AtMetExpress overview,['salicylic acid']
 Phase II - Conjugation of compounds,['salicylic acid']
 Conjugation of salicylate with glycine,['salicylic acid']
 Salicylic Acid Action Pathway,['salicylic acid']
 Amino Acid conjugation,['salicylic acid']
 Conjugation of carboxylic acids,['salicylic acid']
C5-Branched Dibasic Acid Metabolism,['troxipide']
Vincristine Action Pathway,['vincristine']
 vindoline and vinblastine biosynthesis,['vincristine']
