drugName,CID,IUPACName,CanonicalSMILES,MolecularFormula,Synonyms,Pathways
1189112-05-7,656926,2-[2-[2-[2-[2-[2-[2-[2-[2-[2-[2-[2-[2-(2-hydroxyethoxy)ethoxy]ethoxy]ethoxy]ethoxy]ethoxy]ethoxy]ethoxy]ethoxy]ethoxy]ethoxy]ethoxy]ethoxy]ethanol,C(COCCOCCOCCOCCOCCOCCOCCOCCOCCOCCOCCOCCOCCO)O,C28H58O15,"['3,6,9,12,15,18,21,24,27,30,33,36,39-Tridecaoxahentetracontane-1,41-diol', 'HO-PEG14-OH', 'PEG14', 'PEG15', '67411-64-7']",
135969-54-9,4547,2-ethoxy-4-[2-[[3-methyl-1-(2-piperidin-1-ylphenyl)butyl]amino]-2-oxoethyl]benzoic acid,CCOC1=C(C=CC(=C1)CC(=O)NC(CC(C)C)C2=CC=CC=C2N3CCCCC3)C(=O)O,C27H36N2O4,"['2-ethoxy-4-(2-{[3-methyl-1-(2-piperidin-1-ylphenyl)butyl]amino}-2-oxoethyl)benzoic acid', '2-ethoxy-4-[2-[[3-methyl-1-(2-piperidin-1-ylphenyl)butyl]amino]-2-oxoethyl]benzoic acid', 'Benzoic acid,2-ethoxy-4-[2-[[3-methyl-1-[2-(1-piperidinyl)phenyl]butyl]amino]-2-oxoethyl]-', 'AG-EE-388 ZW', 'AK-59609']",
192725-17-0,3817,"N-[5-[[2-(2,6-dimethylphenoxy)acetyl]amino]-4-hydroxy-1,6-diphenylhexan-2-yl]-3-methyl-2-(2-oxo-1,3-diazinan-1-yl)butanamide",CC1=C(C(=CC=C1)C)OCC(=O)NC(CC2=CC=CC=C2)C(CC(CC3=CC=CC=C3)NC(=O)C(C(C)C)N4CCCNC4=O)O,C37H48N4O5,"['AK-72930', 'AC1L1GS5', 'SCHEMBL8171504', 'HMS3654D21', 'NSC740137']",
302-53-4,2563,"3-(3,4-dihydroxyphenyl)-2-hydrazinyl-2-methylpropanoic acid",CC(CC1=CC(=C(C=C1)O)O)(C(=O)O)NN,C10H14N2O4,"['D,L CARBIDOPA', 'S(-)-CARBIDOPA', '3-(3,4-dihydroxyphenyl)-2-hydrazinyl-2-methylpropanoic acid', 'S-(-)-Carbidopa', 'Carbidopa, dl-']",
4-Methylpyrazole,3406,4-methyl-1H-pyrazole,CC1=CNN=C1,C4H6N2,"['fomepizole', '4-Methyl-1H-pyrazole', '7554-65-6', 'Antizol', 'Fomepizol']","{'ethanolamine utilization', 'mixed acid fermentation', 'pyruvate fermentation to ethanol I', 'ethanol degradation I', 'ethanol degradation II', 'superpathway of N-acetylneuraminate degradation'}"
897-55-2,13476,"N,N-dimethyl-4-(2-quinolin-4-ylethenyl)aniline",CN(C)C1=CC=C(C=C1)C=CC2=CC=NC3=CC=CC=C23,C19H18N2,"['N,N-Dimethyl-4-(2-(quinolin-4-yl)vinyl)aniline', 'ACMC-209r2p', 'NCIOpen2_008060', 'Oprea1_396038', 'AC1L21T0']",
AC1L1FPN,3340,"9-chloro-5-(4-hydroxyphenyl)-2,3,4,5-tetrahydro-1H-3-benzazepin-3-ium-7,8-diol",C1C[NH2+]CC(C2=CC(=C(C(=C21)Cl)O)O)C3=CC=C(C=C3)O,C16H17ClNO3+,"['9-chloro-5-(4-hydroxyphenyl)-2,3,4,5-tetrahydro-1H-3-benzazepin-3-ium-7,8-diol', '']",
AC1L1IJM,4607,"3,3-dimethyl-6-[(5-methyl-3-phenyl-1,2-oxazole-4-carbonyl)amino]-7-oxo-4-thia-1-azabicyclo[3.2.0]heptane-2-carboxylate",CC1=C(C(=NO1)C2=CC=CC=C2)C(=O)NC3C4N(C3=O)C(C(S4)(C)C)C(=O)[O-],C19H18N3O5S-,"['STK177271', 'AKOS001580991', 'CCG-202832', '3,3-dimethyl-6-[(5-methyl-3-phenyl-1,2-oxazole-4-carbonyl)amino]-7-oxo-4-thia-1-azabicyclo[3.2.0]heptane-2-carboxylate', '3,3-dimethyl-6-{[(5-methyl-3-phenyl-1,2-oxazol-4-yl)carbonyl]amino}-7-oxo-4-thia-1-azabicyclo[3.2.0]heptane-2-carboxylate']",
AMILORIDE,16231,"3,5-diamino-6-chloro-N-(diaminomethylidene)pyrazine-2-carboxamide",C1(=C(N=C(C(=N1)Cl)N)N)C(=O)N=C(N)N,C6H8ClN7O,"['Amipramidin', '2609-46-3', 'Guanamprazine', 'Amilorida', 'Amiloridum']","{'Stimuli-sensing channels', 'Iron uptake and transport', 'Amiloride Action Pathway', 'Transport of small molecules', 'Ion channel transport'}"
AMLODIPINE BESYLATE,60496,"benzenesulfonic acid;3-O-ethyl 5-O-methyl 2-(2-aminoethoxymethyl)-4-(2-chlorophenyl)-6-methyl-1,4-dihydropyridine-3,5-dicarboxylate",CCOC(=O)C1=C(NC(=C(C1C2=CC=CC=C2Cl)C(=O)OC)C)COCCN.C1=CC=C(C=C1)S(=O)(=O)O,C26H31ClN2O8S,"['111470-99-6', 'Amlodipine benzenesulfonate', 'Amlodipine besilate', 'Cardiorex', 'Istin']",
Acetomorphin,3592,"(9-acetyloxy-3-methyl-2,4,4a,7,7a,13-hexahydro-1H-4,12-methanobenzofuro[3,2-e]isoquinolin-7-yl) acetate",CC(=O)OC1C=CC2C3CC4=C5C2(C1OC5=C(C=C4)OC(=O)C)CCN3C,C21H23NO5,"['Eclorion', 'Morphinan-3,6-diol, 7,8-didehydro-4,5-epoxy-17-methyl- (5.alpha.,6.alpha.)-, diacetate (ester)', 'Acetomorfin', 'Eroin', 'Morphine, diacetyl-']",
Atracurium besylate,47320,"benzenesulfonate;5-[3-[1-[(3,4-dimethoxyphenyl)methyl]-6,7-dimethoxy-2-methyl-3,4-dihydro-1H-isoquinolin-2-ium-2-yl]propanoyloxy]pentyl 3-[1-[(3,4-dimethoxyphenyl)methyl]-6,7-dimethoxy-2-methyl-3,4-dihydro-1H-isoquinolin-2-ium-2-yl]propanoate",C[N+]1(CCC2=CC(=C(C=C2C1CC3=CC(=C(C=C3)OC)OC)OC)OC)CCC(=O)OCCCCCOC(=O)CC[N+]4(CCC5=CC(=C(C=C5C4CC6=CC(=C(C=C6)OC)OC)OC)OC)C.C1=CC=C(C=C1)S(=O)(=O)[O-].C1=CC=C(C=C1)S(=O)(=O)[O-],C65H82N2O18S2,"['64228-81-5', 'Atracurium besilate', 'Tracrium', 'Atracurii besilas', ""Besilate d'atracurium""]",
BARIUM SULFATE,24414,barium(2+);sulfate,[O-]S(=O)(=O)[O-].[Ba+2],BaO4S,"['Barite', '7727-43-7', 'Baritop', 'Barosperse', 'Barotrast']",
BENZOYL PEROXIDE,7187,benzoyl benzenecarboperoxoate,C1=CC=C(C=C1)C(=O)OOC(=O)C2=CC=CC=C2,C14H10O4,"['94-36-0', 'Dibenzoyl peroxide', 'Peroxide, dibenzoyl', 'Benzoperoxide', 'Benzoyl superoxide']",
Biaxin XL,54688,"(3R,4S,5S,6R,7R,9R,11R,12R,13S,14R)-6-[4-(dimethylamino)-3-hydroxy-6-methyloxan-2-yl]oxy-14-ethyl-12,13-dihydroxy-4-(5-hydroxy-4-methoxy-4,6-dimethyloxan-2-yl)oxy-7-methoxy-3,5,7,9,11,13-hexamethyl-oxacyclotetradecane-2,10-dione",CCC1C(C(C(C(=O)C(CC(C(C(C(C(C(=O)O1)C)OC2CC(C(C(O2)C)O)(C)OC)C)OC3C(C(CC(O3)C)N(C)C)O)(C)OC)C)C)O)(C)O,C38H69NO13,"['Clarithromycin extended release', 'AC1L1HJO', 'CHEMBL143', 'AC1Q6O1T', 'SCHEMBL12759047']",
CAPECITABINE,60953,"pentyl N-[1-[(2R,3R,4S,5R)-3,4-dihydroxy-5-methyloxolan-2-yl]-5-fluoro-2-oxopyrimidin-4-yl]carbamate",CCCCCOC(=O)NC1=NC(=O)N(C=C1F)C2C(C(C(O2)C)O)O,C15H22FN3O6,"['154361-50-9', 'Xeloda', 'Capiibine', 'Capecitibine', ""5'-deoxy-5-fluoro-N-[(pentyloxy)carbonyl]cytidine""]","{'Capecitabine Action Pathway', 'Fluoropyrimidine Activity', 'Capecitabine Metabolism Pathway'}"
Camostat,2536,[4-[2-[2-(dimethylamino)-2-oxoethoxy]-2-oxoethyl]phenyl] 4-(diaminomethylideneamino)benzoate,CN(C)C(=O)COC(=O)CC1=CC=C(C=C1)OC(=O)C2=CC=C(C=C2)N=C(N)N,C20H22N4O5,"['59721-28-7', 'camostate', 'Camostat [INN]', 'Camostatum [INN-Latin]', 'UNII-0FD207WKDU']",
Cardiolite (TN),5384,N-(2-methoxy-2-methylpropyl)methanimine;technetium(6+),CC(C)(CN=[CH-])OC.CC(C)(CN=[CH-])OC.CC(C)(CN=[CH-])OC.CC(C)(CN=[CH-])OC.CC(C)(CN=[CH-])OC.CC(C)(CN=[CH-])OC.[Tc+6],C36H72N6O6Tc,"['Technetium Tc 99m sestamibi (USP)', 'technetium (99mtc)-sestamibi', 'CHEBI:9423', 'Technetium (99mTc) sestamibi (INN)', 'D01060']",
Carglumic acid,121396,(2S)-2-(carbamoylamino)pentanedioic acid,C(CC(=O)O)C(C(=O)O)NC(=O)N,C6H10N2O5,"['1188-38-1', '(S)-2-ureidopentanedioic acid', 'N-Carbamyl-L-glutamic acid', 'Carbaglu', 'N-Carbamylglutamate']",{'Biochemical Pathways Part I'}
Cefamox,2610,7-[[2-amino-2-(4-hydroxyphenyl)acetyl]amino]-3-methyl-8-oxo-5-thia-1-azabicyclo[4.2.0]oct-2-ene-2-carboxylic acid,CC1=C(N2C(C(C2=O)NC(=O)C(C3=CC=C(C=C3)O)N)SC1)C(=O)O,C16H17N3O5S,"['Oracefal', 'Cefradroxil', 'C16H17N3O5S', 'p-Hydroxycephalexine', 'Bidocef']",
Cesamet,39860,"1-hydroxy-6,6-dimethyl-3-(2-methyloctan-2-yl)-7,8,10,10a-tetrahydro-6aH-benzo[c]chromen-9-one",CCCCCCC(C)(C)C1=CC(=C2C3CC(=O)CCC3C(OC2=C1)(C)C)O,C24H36O3,"['Lilly 109514', 'LY 109514', 'LY-109514', '56496-90-3', '9H-Dibenzo(b,d)pyran-9-one, 3-(1,1-dimethylheptyl)-6,6a,7,8,10,10a-hexahydro-1-hydroxy-6,6-dimethyl-']",
Cinacalcet hydrochloride,156418,N-[(1R)-1-naphthalen-1-ylethyl]-3-[3-(trifluoromethyl)phenyl]propan-1-amine;hydrochloride,CC(C1=CC=CC2=CC=CC=C21)NCCCC3=CC(=CC=C3)C(F)(F)F.Cl,C22H23ClF3N,"['364782-34-3', 'Cinacalcet HCl', 'Sensipar', 'Mimpara', '(R)-N-(1-(Naphthalen-1-yl)ethyl)-3-(3-(trifluoromethyl)phenyl)propan-1-amine hydrochloride']",
Coniel,2324,"5-O-(1-benzylpiperidin-3-yl) 3-O-methyl 2,6-dimethyl-4-(3-nitrophenyl)-1,4-dihydropyridine-3,5-dicarboxylate",CC1=C(C(C(=C(N1)C)C(=O)OC2CCCN(C2)CC3=CC=CC=C3)C4=CC(=CC=C4)[N+](=O)[O-])C(=O)OC,C28H31N3O6,"['AC1L1DF9', 'SCHEMBL24517', 'CTK6I8156', 'GTPL10159', 'AN-33887']",
Conlumin,63022,"(8R,9S,10R,13S,14S,17R)-17-ethynyl-17-hydroxy-13-methyl-1,2,6,7,8,9,10,11,12,14,15,16-dodecahydrocyclopenta[a]phenanthren-3-one;(8R,9S,13S,14S,17R)-17-ethynyl-3-methoxy-13-methyl-7,8,9,11,12,14,15,16-octahydro-6H-cyclopenta[a]phenanthren-17-ol",CC12CCC3C(C1CCC2(C#C)O)CCC4=CC(=O)CCC34.CC12CCC3C(C1CCC2(C#C)O)CCC4=C3C=CC(=C4)OC,C41H52O4,"['Conlunett', 'Conluten', 'Sophia', 'Maya', 'Ortho-Novin']",
"D-Lysergic acid N,N-diethylamide",3981,"N,N-diethyl-7-methyl-6,6a,8,9-tetrahydro-4H-indolo[4,3-fg]quinoline-9-carboxamide",CCN(CC)C(=O)C1CN(C2CC3=CNC4=CC=CC(=C34)C2=C1)C,C20H25N3O,"['Acid [Street Name]', 'Cubes [Street Name]', 'Royal Blue [Street Name]', 'd-Lysergic acid dethylamide', 'Pearly gates [Street Name]']",
DL-Lysine,866,"2,6-diaminohexanoic acid",C(CCN)CC(C(=O)O)N,C6H14N2O2,"['70-54-2', '2,6-diaminohexanoic acid', 'H-DL-Lys-OH', 'poly(D-lysine)', 'Poly-L-lysine']","{'Cerebral Organic Acidurias, including diseases'}"
Dasatinib,3062316,"N-(2-chloro-6-methylphenyl)-2-[[6-[4-(2-hydroxyethyl)piperazin-1-yl]-2-methylpyrimidin-4-yl]amino]-1,3-thiazole-5-carboxamide",CC1=C(C(=CC=C1)Cl)NC(=O)C2=CN=C(S2)NC3=CC(=NC(=N3)C)N4CCN(CC4)CCO,C22H26ClN7O2S,"['302962-49-8', 'Sprycel', 'BMS-354825', 'BMS 354825', 'BMS354825']",{'Dasatinib Inhibition of BCR-ABL'}
Docelan (TN),11954268,"acetic acid;cobalt(2+);[(2R,3S,4R,5S)-5-(5,6-dimethylbenzimidazol-1-yl)-4-hydroxy-2-(hydroxymethyl)oxolan-3-yl] [(2S)-1-[3-[(2R,3R,4Z,7S,9Z,12S,13S,14Z,17S,18S,19R)-2,13,18-tris(2-amino-2-oxoethyl)-7,12,17-tris(3-amino-3-oxopropyl)-3,5,8,8,13,15,18,19-octamethyl-2,7,12,17-tetrahydro-1H-corrin-21-id-3-yl]propanoylamino]propan-2-yl] phosphate",CC1=CC2=C(C=C1C)N(C=N2)C3C(C(C(O3)CO)OP(=O)([O-])OC(C)CNC(=O)CCC4(C(C5C6(C(C(C(=N6)C(=C7C(C(C(=N7)C=C8C(C(C(=N8)C(=C4[N-]5)C)CCC(=O)N)(C)C)CCC(=O)N)(C)CC(=O)N)C)CCC(=O)N)(C)CC(=O)N)C)CC(=O)N)C)O.CC(=O)O.[Co+2],C64H92CoN13O16P,"['22465-48-1', 'Hydroxocobalamin acetate (JP17)', 'D02707', '']",
Durandro,6012,"(10,13-dimethyl-3-oxo-1,2,6,7,8,9,11,12,14,15,16,17-dodecahydrocyclopenta[a]phenanthren-17-yl) 3-cyclopentylpropanoate",CC12CCC3C(C1CCC2OC(=O)CCC4CCCC4)CCC5=CC(=O)CCC35C,C27H40O3,"['Jectatest', 'Andro-Cyp', 'Dep-Test', 'Depo-Testosterone', 'Malogen CYP']",
EDTA,6049,2-[2-[bis(carboxymethyl)amino]ethyl-(carboxymethyl)amino]acetic acid,C(CN(CC(=O)O)CC(=O)O)N(CC(=O)O)CC(=O)O,C10H16N2O8,"['Edetic acid', 'Ethylenediaminetetraacetic acid', '60-00-4', 'Edathamil', 'Versene']",
"Ergocryptine, 2-bromo-",2443,"5-bromo-N-[2-hydroxy-7-(2-methylpropyl)-5,8-dioxo-4-propan-2-yl-3-oxa-6,9-diazatricyclo[7.3.0.02,6]dodecan-4-yl]-7-methyl-6,6a,8,9-tetrahydro-4H-indolo[4,3-fg]quinoline-9-carboxamide",CC(C)CC1C(=O)N2CCCC2C3(N1C(=O)C(O3)(C(C)C)NC(=O)C4CN(C5CC6=C(NC7=CC=CC(=C67)C5=C4)Br)C)O,C32H40BrN5O5,"['2-Bromo-.alpha.-ergocryptine', 'Bromokryptin', 'AC1L1DOT', '.alpha.-Bromoergocriptine', '.alpha.-Bromoergocryptine']",
Fosamprenavir calcium,131535,"calcium;[(2R,3S)-1-[(4-aminophenyl)sulfonyl-(2-methylpropyl)amino]-3-[[(3S)-oxolan-3-yl]oxycarbonylamino]-4-phenylbutan-2-yl] phosphate",CC(C)CN(CC(C(CC1=CC=CC=C1)NC(=O)OC2CCOC2)OP(=O)([O-])[O-])S(=O)(=O)C3=CC=C(C=C3)N.[Ca+2],C25H34CaN3O9PS,"['226700-81-8', 'Lexiva', 'Fosamprenavir (Calcium Salt)', 'Amprenavir phosphate calcium', 'UNII-ID1GU2627N']",
GADOTERIDOL,60714,"2-[4,7-bis(carboxylatomethyl)-10-(2-hydroxypropyl)-1,4,7,10-tetrazacyclododec-1-yl]acetate;gadolinium(3+)",CC(CN1CCN(CCN(CCN(CC1)CC(=O)[O-])CC(=O)[O-])CC(=O)[O-])O.[Gd+3],C17H29GdN4O7,"['ProHance', '120066-54-8', 'Prohance Multipack', 'DSSTox_CID_28588', 'DSSTox_RID_82859']",
Iron,23925,iron,[Fe],Fe,"['7439-89-6', 'Iron, elemental', 'Ferrum', 'ferrous iron', 'Remko']","{'Cytosolic iron-sulfur cluster assembly', 'Metabolism', 'Iron uptake and transport', 'Cytosolic iron-sulfur cluster assembly (yeast)', 'Porphyrin_metabolism ( Porphyrin metabolism )'}"
LOFEPRAMINE,3947,"1-(4-chlorophenyl)-2-[3-(5,6-dihydrobenzo[b][1]benzazepin-11-yl)propyl-methylamino]ethanone",CN(CCCN1C2=CC=CC=C2CCC3=CC=CC=C31)CC(=O)C4=CC=C(C=C4)Cl,C26H27ClN2O,"['Lopramine', '23047-25-8', 'Amplit', 'Leo 640', 'UNII-OCA4JT7PAW']",
LOPRAZOLAM,3033860,"(2Z)-6-(2-chlorophenyl)-2-[(4-methylpiperazin-1-yl)methylidene]-8-nitro-4H-imidazo[1,2-a][1,4]benzodiazepin-1-one",CN1CCN(CC1)C=C2C(=O)N3C(=N2)CN=C(C4=C3C=CC(=C4)[N+](=O)[O-])C5=CC=CC=C5Cl,C23H21ClN6O3,"['Triazulenone', 'RU 31158', 'Loprazolamum [INN-Latin]', '61197-73-7', 'UNII-759N8462G8']",
Lanthanum Carbonate,168924,lanthanum(3+);tricarbonate,C(=O)([O-])[O-].C(=O)([O-])[O-].C(=O)([O-])[O-].[La+3].[La+3],C3La2O9,"['Foznol', 'Phosbloc', 'Lanthanum sesquicarbonate', '587-26-8', 'Dilanthanum tricarbonate']",
Ld norgestrel,4542,"13-ethyl-17-ethynyl-17-hydroxy-1,2,6,7,8,9,10,11,12,14,15,16-dodecahydrocyclopenta[a]phenanthren-3-one",CCC12CCC3C(C1CCC2(C#C)O)CCC4=CC(=O)CCC34,C21H28O2,"['norgestrel', 'Methylnorethindrone', 'Norgestrelum', '17-ethynyl-17-hydroxy-18a-homoestr-4-en-3-one', 'dl-Norgestrel']",
Lercanidipine,65866,"5-O-[1-[3,3-diphenylpropyl(methyl)amino]-2-methylpropan-2-yl] 3-O-methyl 2,6-dimethyl-4-(3-nitrophenyl)-1,4-dihydropyridine-3,5-dicarboxylate",CC1=C(C(C(=C(N1)C)C(=O)OC(C)(C)CN(C)CCC(C2=CC=CC=C2)C3=CC=CC=C3)C4=CC(=CC=C4)[N+](=O)[O-])C(=O)OC,C36H41N3O6,"['100427-26-7', 'masnidipine', 'Lercanidipine [INN]', 'Lercanidipine (INN)', 'C36H41N3O6']",
Linsidomine,5219,3-morpholin-4-yl-1-oxa-3-azonia-2-azanidacyclopent-3-en-5-imine,C1COCCN1[N+]2=CC(=N)O[N-]2,C6H10N4O2,"['3-MORPHOLINOSYDNONIMINE', '33876-97-0', 'Linsidomine [INN]', 'Linsidominum [Latin]', 'Linsidomina [Spanish]']",
MORICIZINE HYDROCHLORIDE,34632,ethyl N-[10-(3-morpholin-4-ylpropanoyl)phenothiazin-2-yl]carbamate;hydrochloride,CCOC(=O)NC1=CC2=C(C=C1)SC3=CC=CC=C3N2C(=O)CCN4CCOCC4.Cl,C22H26ClN3O4S,"['Moracizine hydrochloride', 'Ethmozine', 'Ethmosine', '29560-58-5', 'Moricizine HCl']",
MZM,1798,"N-(3-methyl-5-sulfamoyl-1,3,4-thiadiazol-3-ium-2-yl)acetamide",CC(=O)NC1=[N+](N=C(S1)S(=O)(=O)N)C,C5H9N4O3S2+,"['5-acetamido-4-methyl-1,3,4-thiadiazole-2-sulfonamide', '3daz', '3dcs', 'AC1L1C9F', 'CTK6A1153']",
Medriabioptal,4043,"17-acetyl-11-hydroxy-6,10,13-trimethyl-1,2,6,7,8,9,11,12,14,15,16,17-dodecahydrocyclopenta[a]phenanthren-3-one",CC1CC2C3CCC(C3(CC(C2C4(C1=CC(=O)CC4)C)O)C)C(=O)C,C22H32O3,"['Sedesterol', 'Spectramedryn', 'Medriusar', 'Medroftal', 'Medrisone [DCIT]']",
"Methyl 11,17-dimethoxy-18-[(3,4,5-trimethoxybenzoyl)oxy]yohimban-16-carboxylate",5052,"methyl 6,18-dimethoxy-17-(3,4,5-trimethoxybenzoyl)oxy-1,3,11,12,14,15,16,17,18,19,20,21-dodecahydroyohimban-19-carboxylate",COC1C(CC2CN3CCC4=C(C3CC2C1C(=O)OC)NC5=C4C=CC(=C5)OC)OC(=O)C6=CC(=C(C(=C6)OC)OC)OC,C33H40N2O9,"['Brinderdin', 'Broserpine', 'Cardioserpin', 'Hypertensan', 'Neoslowten']",
Metopimazine,26388,1-[3-(2-methylsulfonylphenothiazin-10-yl)propyl]piperidine-4-carboxamide,CS(=O)(=O)C1=CC2=C(C=C1)SC3=CC=CC=C3N2CCCN4CCC(CC4)C(=O)N,C22H27N3O3S2,"['14008-44-7', 'Vogalene', 'Nortrip', 'EXP 999', 'Metopimazinum [INN-Latin]']",
Mussolinite,26924,trimagnesium;dioxido(oxo)silane;hydroxy-oxido-oxosilane,O[Si](=O)[O-].O[Si](=O)[O-].[O-][Si](=O)[O-].[O-][Si](=O)[O-].[Mg+2].[Mg+2].[Mg+2],H2Mg3O12Si4,"['Agalite', 'Asbestine', 'Snowgoose', 'Steatite', 'Steawhite']",
Nitrogen,947,molecular nitrogen,N#N,N2,"['Nitrogen gas', 'Molecular nitrogen', '7727-37-9', 'Nitrogen-14', 'Dinitrogen']","{'nitrate reduction I (denitrification)', 'cornusiin E biosynthesis', 'Nitrogen Metabolism', 'nitrogen fixation I (ferredoxin)', 'nitrogen fixation II (flavodoxin)', 'nitrate reduction VII (denitrification)', 'nitrifier denitrification', 'nitrite-dependent anaerobic methane oxidation', 'superpathway of hydrolyzable tannin biosynthesis', 'ammonia oxidation II (anaerobic)', 'nitrogen fixation'}"
OXANDROLONE,5878,"(1S,3aS,3bR,5aS,9aS,9bS,11aS)-1-hydroxy-1,9a,11a-trimethyl-2,3,3a,3b,4,5,5a,6,9,9b,10,11-dodecahydroindeno[4,5-h]isochromen-7-one",CC12CCC3C(C1CCC2(C)O)CCC4C3(COC(=O)C4)C,C19H30O3,"['Anavar', 'Oxandrin', 'Protivar', 'Vasorome', 'Lonavar']",
Panoral,2609,7-[(2-amino-2-phenylacetyl)amino]-3-chloro-8-oxo-5-thia-1-azabicyclo[4.2.0]oct-2-ene-2-carboxylic acid,C1C(=C(N2C(S1)C(C2=O)NC(=O)C(C3=CC=CC=C3)N)C(=O)O)Cl,C15H14ClN3O4S,"['QYIYFLOTGYLRGG-UHFFFAOYSA-N', 'Cefaclor [anhydrous]', '3-Chloro-7-D-(2-phenylglycinamido)-3-cephem-4-carboxylic acid', 'AC1L1E28', 'SCHEMBL6155629']",
Papm-BP,115235,"3-benzamidopropanoic acid;(5R,6S)-3-[(3S)-1-ethanimidoylpyrrolidin-3-yl]sulfanyl-6-[(1R)-1-hydroxyethyl]-7-oxo-1-azabicyclo[3.2.0]hept-2-ene-2-carboxylic acid",CC(C1C2CC(=C(N2C1=O)C(=O)O)SC3CCN(C3)C(=N)C)O.C1=CC=C(C=C1)C(=O)NCCC(=O)O,C25H32N4O7S,"['Panipenem-betamipron', '138240-65-0', 'Panipenem mixture with betamipron', 'Carbenin', 'Carbenin (TN)']",
Phazyme,6433516,dioxosilane;methoxy-dimethyl-trimethylsilyloxysilane,CO[Si](C)(C)O[Si](C)(C)C.O=[Si]=O,C6H18O4Si3,"['Antifoam A', 'DC antifoam A', 'Sentry Simethicone', 'Mylanta Gas Relief', 'Gas-X']",
Potassium citrate,13344,"tripotassium;2-hydroxypropane-1,2,3-tricarboxylate",C(C(=O)[O-])C(CC(=O)[O-])(C(=O)[O-])O.[K+].[K+].[K+],C6H5K3O7,"['TRIPOTASSIUM CITRATE', '866-84-2', 'Kaliksir', '7778-49-6', 'Potassium citrate anhydrous']",
Pranlukast,4887,N-[4-oxo-2-(2H-tetrazol-5-yl)chromen-8-yl]-4-(4-phenylbutoxy)benzamide,C1=CC=C(C=C1)CCCCOC2=CC=C(C=C2)C(=O)NC3=CC=CC4=C3OC(=CC4=O)C5=NNN=N5,C27H23N5O4,"['103177-37-3', 'pranlukast hydrate', 'Ono-1078', 'Onon', 'UNII-TB8Z891092']",
REMIFENTANIL,60815,methyl 1-(3-methoxy-3-oxopropyl)-4-(N-propanoylanilino)piperidine-4-carboxylate,CCC(=O)N(C1=CC=CC=C1)C2(CCN(CC2)CCC(=O)OC)C(=O)OC,C20H28N2O5,"['Remifentanyl', 'Ultiva', '132875-61-7', 'Remifentanil [INN:BAN]', 'UNII-P10582JYYK']",{'Remifentanil Action Pathway'}
Secrepan,16129665,"5-[[1-[[1-[[1-[[1-[[1-[[1-[[1-[[1-[[1-[[1-[[5-amino-1-[[1-[[1-[[1-[[5-amino-1-[[2-[[1-[(1-carboxy-2-methylpropyl)amino]-4-methyl-1-oxopentan-2-yl]amino]-2-oxoethyl]amino]-1,5-dioxopentan-2-yl]amino]-4-methyl-1-oxopentan-2-yl]amino]-4-methyl-1-oxopentan-2-yl]amino]-5-carbamimidamido-1-oxopentan-2-yl]amino]-1,5-dioxopentan-2-yl]amino]-4-methyl-1-oxopentan-2-yl]amino]-5-carbamimidamido-1-oxopentan-2-yl]amino]-1-oxopropan-2-yl]amino]-3-hydroxy-1-oxopropan-2-yl]amino]-3-carboxy-1-oxopropan-2-yl]amino]-5-carbamimidamido-1-oxopentan-2-yl]amino]-4-methyl-1-oxopentan-2-yl]amino]-5-carbamimidamido-1-oxopentan-2-yl]amino]-3-hydroxy-1-oxopropan-2-yl]amino]-4-methyl-1-oxopentan-2-yl]amino]-4-[[2-[[2-[[2-[[2-[[2-[[2-[[2-[[2-amino-3-(1H-imidazol-2-yl)propanoyl]amino]-3-hydroxypropanoyl]amino]-3-carboxypropanoyl]amino]acetyl]amino]-3-hydroxybutanoyl]amino]-3-phenylpropanoyl]amino]-3-hydroxybutanoyl]amino]-3-hydroxypropanoyl]amino]-5-oxopentanoic acid",CC(C)CC(C(=O)NC(C(C)C)C(=O)O)NC(=O)CNC(=O)C(CCC(=O)N)NC(=O)C(CC(C)C)NC(=O)C(CC(C)C)NC(=O)C(CCCNC(=N)N)NC(=O)C(CCC(=O)N)NC(=O)C(CC(C)C)NC(=O)C(CCCNC(=N)N)NC(=O)C(C)NC(=O)C(CO)NC(=O)C(CC(=O)O)NC(=O)C(CCCNC(=N)N)NC(=O)C(CC(C)C)NC(=O)C(CCCNC(=N)N)NC(=O)C(CO)NC(=O)C(CC(C)C)NC(=O)C(CCC(=O)O)NC(=O)C(CO)NC(=O)C(C(C)O)NC(=O)C(CC1=CC=CC=C1)NC(=O)C(C(C)O)NC(=O)CNC(=O)C(CC(=O)O)NC(=O)C(CO)NC(=O)C(CC2=NC=CN2)N,C130H219N43O42,"['Secretolin', 'Vitrum', 'SecreFlow', 'Secretin-Kabi', 'SECREFLO']",
Sitaxsentan,216235,"N-(4-chloro-3-methyl-1,2-oxazol-5-yl)-2-[2-(6-methyl-1,3-benzodioxol-5-yl)acetyl]thiophene-3-sulfonamide",CC1=CC2=C(C=C1CC(=O)C3=C(C=CS3)S(=O)(=O)NC4=C(C(=NO4)C)Cl)OCO2,C18H15ClN2O6S2,"['Sitaxentan', '184036-34-8', 'TBC-11251', 'UNII-J9QH779MEM', 'TBC 11251']",
Status: 404,11980859,"3-[[2-[2-[2-[[2-[[4-[[2-[[6-amino-2-[3-amino-1-[(2,3-diamino-3-oxopropyl)amino]-3-oxopropyl]-5-methylpyrimidine-4-carbonyl]amino]-3-[3-[4-carbamoyloxy-3,5-dihydroxy-6-(hydroxymethyl)oxan-2-yl]oxy-4,5-dihydroxy-6-(hydroxymethyl)oxan-2-yl]oxy-3-(1H-imidazol-5-yl)propanoyl]amino]-3-hydroxy-2-methylpentanoyl]amino]-3-hydroxybutanoyl]amino]ethyl]-1,3-thiazol-4-yl]-1,3-thiazole-4-carbonyl]amino]propyl-dimethylsulfanium;[2-[2-[2-[[6-amino-2-[3-amino-1-[(2,3-diamino-3-oxopropyl)amino]-3-oxopropyl]-5-methylpyrimidine-4-carbonyl]amino]-3-[[5-[[1-[2-[4-[4-[4-(diaminomethylideneamino)butylcarbamoyl]-1,3-thiazol-2-yl]-1,3-thiazol-2-yl]ethylamino]-3-hydroxy-1-oxobutan-2-yl]amino]-3-hydroxy-4-methyl-5-oxopentan-2-yl]amino]-1-(1H-imidazol-5-yl)-3-oxopropoxy]-4,5-dihydroxy-6-(hydroxymethyl)oxan-3-yl]oxy-3,5-dihydroxy-6-(hydroxymethyl)oxan-4-yl] carbamate",CC1=C(N=C(N=C1N)C(CC(=O)N)NCC(C(=O)N)N)C(=O)NC(C(C2=CN=CN2)OC3C(C(C(C(O3)CO)O)O)OC4C(C(C(C(O4)CO)O)OC(=O)N)O)C(=O)NC(C)C(C(C)C(=O)NC(C(C)O)C(=O)NCCC5=NC(=CS5)C6=NC(=CS6)C(=O)NCCCCN=C(N)N)O.CC1=C(N=C(N=C1N)C(CC(=O)N)NCC(C(=O)N)N)C(=O)NC(C(C2=CN=CN2)OC3C(C(C(C(O3)CO)O)O)OC4C(C(C(C(O4)CO)O)OC(=O)N)O)C(=O)NC(C)C(C(C)C(=O)NC(C(C)O)C(=O)NCCC5=NC(=CS5)C6=NC(=CS6)C(=O)NCCC[S+](C)C)O,C110H168N37O42S5+,"['Code: PUGREST.NotFound', 'Message: No synonyms found for the given CID(s)', '']",
Strontium ranelate,6918182,distrontium;5-[bis(carboxylatomethyl)amino]-3-(carboxylatomethyl)-4-cyanothiophene-2-carboxylate,C(C1=C(SC(=C1C#N)N(CC(=O)[O-])CC(=O)[O-])C(=O)[O-])C(=O)[O-].[Sr+2].[Sr+2],C12H6N2O8SSr2,"['135459-87-9', 'Protelos', 'Distrontium renelate', 'Protos', 'Osseor']",
Telithromycin,73658,"(1S,2R,5R,7R,8R,9R,11R,13S,14R)-8-[(2S,3R,4S,6R)-4-(dimethylamino)-3-hydroxy-6-methyloxan-2-yl]oxy-2-ethyl-9-methoxy-1,5,7,9,11,13-hexamethyl-15-[4-(4-pyridin-3-ylimidazol-1-yl)butyl]-3,17-dioxa-15-azabicyclo[12.3.0]heptadecane-4,6,12,16-tetrone",CCC1C2(C(C(C(=O)C(CC(C(C(C(=O)C(C(=O)O1)C)C)OC3C(C(CC(O3)C)N(C)C)O)(C)OC)C)C)N(C(=O)O2)CCCCN4C=C(N=C4)C5=CN=CC=C5)C,C43H65N5O10,"['191114-48-4', 'AC1L2K8V', 'AKOS015961934', 'AC-1692', 'AN-14683']",
Tianeptine,68870,"7-[(3-chloro-6-methyl-5,5-dioxo-11H-benzo[c][2,1]benzothiazepin-11-yl)amino]heptanoic acid",CN1C2=CC=CC=C2C(C3=C(S1(=O)=O)C=C(C=C3)Cl)NCCCCCCC(=O)O,C21H25ClN2O4S,"['66981-73-5', '72797-41-2', 'Tianeptine Acid', 'Tianeptine [INN]', '7-[(3-chloro-6-methyl-5,5-dioxo-11H-benzo[c][2,1]benzothiazepin-11-yl)amino]heptanoic acid']",
UNII-FSH2P05QJT,60184,"(2S,3aS,7aS)-1-[(2R)-2-[[(2S)-1-ethoxy-1-oxopentan-2-yl]amino]propanoyl]-2,3,3a,4,5,6,7,7a-octahydroindole-2-carboxylic acid",CCCC(C(=O)OCC)NC(C)C(=O)N1C2CCCCC2CC1C(=O)O,C19H32N2O5,"['FSH2P05QJT', 'Coversyl', 'Perindoprilum [Latin]', 'McN-A 2833', 'Perstarium']",
VALPROIC ACID,3121,2-propylpentanoic acid,CCCC(CCC)C(=O)O,C8H16O2,"['2-Propylpentanoic acid', '99-66-1', 'Dipropylacetic acid', '2-Propylvaleric acid', 'Depakine']","{'Valproic Acid Metabolism Pathway', 'Valproic acid pathway'}"
Velosiline HM,16129672,"(4S)-4-[[2-[[(1R,6R,12S,15S,18S,21S,24S,27S,30S,33S,36S,39S,42R,47R,50S,53S,56S,59S,62S,65S,68S,71S,74R,77S,80S,83S,88R)-88-[[(2S)-5-amino-2-[[(2S)-2-[[(2S)-2-[[(2S,3S)-2-[(2-aminoacetyl)amino]-3-methylpentanoyl]amino]-3-methylbutanoyl]amino]-4-carboxybutanoyl]amino]-5-oxopentanoyl]amino]-6-[[(2S)-2-[[(2S)-2-[[(2S)-5-amino-2-[[(2S)-4-amino-2-[[(2S)-2-[[(2S)-2-amino-3-phenylpropanoyl]amino]-3-methylbutanoyl]amino]-4-oxobutanoyl]amino]-5-oxopentanoyl]amino]-3-(1H-imidazol-5-yl)propanoyl]amino]-4-methylpentanoyl]amino]-47-[[(1S)-3-amino-1-carboxy-3-oxopropyl]carbamoyl]-53-(2-amino-2-oxoethyl)-62-(3-amino-3-oxopropyl)-77-[(2S)-butan-2-yl]-24,56-bis(2-carboxyethyl)-83-[(1R)-1-hydroxyethyl]-12,71,80-tris(hydroxymethyl)-33,50,65-tris[(4-hydroxyphenyl)methyl]-15-(1H-imidazol-5-ylmethyl)-27-methyl-18,30,36,59,68-pentakis(2-methylpropyl)-7,10,13,16,19,22,25,28,31,34,37,40,49,52,55,58,61,64,67,70,73,76,79,82,85,87-hexacosaoxo-21,39-di(propan-2-yl)-3,4,44,45,90,91-hexathia-8,11,14,17,20,23,26,29,32,35,38,41,48,51,54,57,60,63,66,69,72,75,78,81,84,86-hexacosazabicyclo[72.11.7]dononacontane-42-carbonyl]amino]acetyl]amino]-5-[[(2S)-1-[[2-[[(2S)-1-[[(2S)-1-[[(2S)-1-[[(2S,3R)-1-[(2S)-2-[[(2S)-6-amino-1-[[(1S,2R)-1-carboxy-2-hydroxypropyl]amino]-1-oxohexan-2-yl]carbamoyl]pyrrolidin-1-yl]-3-hydroxy-1-oxobutan-2-yl]amino]-3-(4-hydroxyphenyl)-1-oxopropan-2-yl]amino]-1-oxo-3-phenylpropan-2-yl]amino]-1-oxo-3-phenylpropan-2-yl]amino]-2-oxoethyl]amino]-5-carbamimidamido-1-oxopentan-2-yl]amino]-5-oxopentanoic acid",CCC(C)C1C(=O)NC2CSSCC(C(=O)NC(CSSCC(C(=O)NCC(=O)NC(C(=O)NC(C(=O)NC(C(=O)NC(C(=O)NC(C(=O)NC(C(=O)NC(C(=O)NC(C(=O)NC(C(=O)NC(C(=O)NC(CSSCC(NC(=O)C(NC(=O)C(NC(=O)C(NC(=O)C(NC(=O)C(NC(=O)C(NC(=O)C(NC(=O)C(NC2=O)CO)CC(C)C)CC3=CC=C(C=C3)O)CCC(=O)N)CC(C)C)CCC(=O)O)CC(=O)N)CC4=CC=C(C=C4)O)C(=O)NC(CC(=O)N)C(=O)O)C(=O)NCC(=O)NC(CCC(=O)O)C(=O)NC(CCCNC(=N)N)C(=O)NCC(=O)NC(CC5=CC=CC=C5)C(=O)NC(CC6=CC=CC=C6)C(=O)NC(CC7=CC=C(C=C7)O)C(=O)NC(C(C)O)C(=O)N8CCCC8C(=O)NC(CCCCN)C(=O)NC(C(C)O)C(=O)O)C(C)C)CC(C)C)CC9=CC=C(C=C9)O)CC(C)C)C)CCC(=O)O)C(C)C)CC(C)C)CC2=CN=CN2)CO)NC(=O)C(CC(C)C)NC(=O)C(CC2=CN=CN2)NC(=O)C(CCC(=O)N)NC(=O)C(CC(=O)N)NC(=O)C(C(C)C)NC(=O)C(CC2=CC=CC=C2)N)C(=O)NC(C(=O)NC(C(=O)N1)CO)C(C)O)NC(=O)C(CCC(=O)N)NC(=O)C(CCC(=O)O)NC(=O)C(C(C)C)NC(=O)C(C(C)CC)NC(=O)CN,C257H383N65O77S6,"['Insulin human [USAN:BAN:INN]', 'LS-84081', 'A protein that has the normal structure of the natural antidiabetic principle produced by the human pancreas. Insulin (human)', '']",
"[(1,5-dimethyl-3-oxo-2-phenyl-2,3-dihydro-1H-pyrazol-4-yl)(methyl)amino]methanesulfonate",3110,"[(1,5-dimethyl-3-oxo-2-phenylpyrazol-4-yl)-methylamino]methanesulfonate",CC1=C(C(=O)N(N1C)C2=CC=CC=C2)N(C)CS(=O)(=O)[O-],C13H16N3O4S-,"['metamizole anion', 'metamizole(1-)', 'AC1L1F6Z', 'AC1Q22PO', 'CHEBI:62086']",
actarit,2018,2-(4-acetamidophenyl)acetic acid,CC(=O)NC1=CC=C(C=C1)CC(=O)O,C10H11NO3,"['18699-02-0', '2-(4-acetamidophenyl)acetic acid', '4-Acetylaminophenylacetic acid', '4-Acetamidophenylacetic acid', 'Benzeneacetic acid, 4-(acetylamino)-']",
alprazolam,2118,"8-chloro-1-methyl-6-phenyl-4H-[1,2,4]triazolo[4,3-a][1,4]benzodiazepine",CC1=NN=C2N1C3=C(C=C(C=C3)Cl)C(=NC2)C4=CC=CC=C4,C17H13ClN4,"['Xanax', 'Trankimazin', 'Tafil', '28981-97-7', 'Cassadan']",
azulene,9231,azulene,C1=CC=C2C=CC=C2C=C1,C10H8,"['275-51-4', 'Cyclopentacycloheptene', 'Azunamic', 'Bicyclo[5.3.0]decapentaene', 'azulen']",
bupropion,444,2-(tert-butylamino)-1-(3-chlorophenyl)propan-1-one,CC(C(=O)C1=CC(=CC=C1)Cl)NC(C)(C)C,C13H18ClNO,"['Amfebutamone', '34911-55-2', 'Amfebutamon', '2-(tert-butylamino)-1-(3-chlorophenyl)propan-1-one', 'amfebutamonum']",
carbocysteine,1080,2-amino-3-(carboxymethylsulfanyl)propanoic acid,C(C(C(=O)O)N)SCC(=O)O,C5H9NO4S,"['Loviscol', 'Rhinathiol', 'Thiodril', 'S-(Carboxymethyl)cysteine', 'Broncodeterge']",
catenulin,4689,"5-amino-2-(aminomethyl)-6-[5-[3,5-diamino-2-[3-amino-4,5-dihydroxy-6-(hydroxymethyl)oxan-2-yl]oxy-6-hydroxycyclohexyl]oxy-4-hydroxy-2-(hydroxymethyl)oxolan-3-yl]oxyoxane-3,4-diol",C1C(C(C(C(C1N)OC2C(C(C(C(O2)CO)O)O)N)OC3C(C(C(O3)CO)OC4C(C(C(C(O4)CN)O)O)N)O)O)N,C23H45N5O14,"['Amminosidin', 'Crestomycin', 'Gabbromycin', 'Gabromycin', 'Hydroxymycin']",
chlorambucil,2708,4-[4-[bis(2-chloroethyl)amino]phenyl]butanoic acid,C1=CC(=CC=C1CCCC(=O)O)N(CCCl)CCCl,C14H19Cl2NO2,"['305-03-3', 'Chloroambucil', 'Ambochlorin', 'Leukeran', 'Chloraminophen']",
chlordiazepoxide,2712,"7-chloro-4-hydroxy-N-methyl-5-phenyl-3H-1,4-benzodiazepin-2-imine",CN=C1CN(C(=C2C=C(C=CC2=N1)Cl)C3=CC=CC=C3)O,C16H14ClN3O,"['Methaminodiazepoxide', 'Librium', '58-25-3', 'Chlozepid', 'Elenium']",
chlorothiazide,2720,"6-chloro-1,1-dioxo-4H-1lambda6,2,4-benzothiadiazine-7-sulfonamide",C1=C2C(=CC(=C1Cl)S(=O)(=O)N)S(=O)(=O)N=CN2,C7H6ClN3O4S2,"['58-94-6', 'Diuril', 'Chlorothiazid', 'Chlorthiazide', 'Chlotride']",{'Chlorothiazide Action Pathway'}
clonidine,2803,"N-(2,6-dichlorophenyl)-4,5-dihydro-1H-imidazol-2-amine",C1CN=C(N1)NC2=C(C=CC=C2Cl)Cl,C9H9Cl2N3,"['Clonidin', 'Duraclon', '4205-90-7', 'Chlornidinum', 'Catapres']",
dolasetron,3148,"(10-oxo-8-azatricyclo[5.3.1.03,8]undecan-5-yl) 1H-indole-3-carboxylate",C1C2CC3CC(CC1N3CC2=O)OC(=O)C4=CNC5=CC=CC=C54,C19H20N2O3,"['115956-12-2', 'CHEBI:4682', 'UKTAZPQNNNJVKR-UHFFFAOYSA-N', 'UNII-82WI2L7Q6E', 'Dolasteron']",
fenoprofen,3342,2-(3-phenoxyphenyl)propanoic acid,CC(C1=CC(=CC=C1)OC2=CC=CC=C2)C(=O)O,C15H14O3,"['2-(3-Phenoxyphenyl)propanoic acid', '31879-05-7', '29679-58-1', 'Fenoprofenum', 'Fenoprofene']",{'Fenoprofen Action Pathway'}
fenspiride,3344,"8-(2-phenylethyl)-1-oxa-3,8-diazaspiro[4.5]decan-2-one",C1CN(CCC12CNC(=O)O2)CCC3=CC=CC=C3,C15H20N2O2,"['5053-06-5', 'Fenspirid', 'Respiride', 'Viarespan', 'Fenspiride [INN]']",
hydroquinone,785,"benzene-1,4-diol",C1=CC(=CC=C1O)O,C6H6O2,"['1,4-benzenediol', 'Benzene-1,4-diol', '123-31-9', '1,4-Dihydroxybenzene', 'Quinol']","{'Riboflavin Metabolism', '4-aminophenol degradation', 'Phase I - Functionalization of compounds', 'Glycerol Kinase Deficiency', 'Metabolism', 'alkylnitronates degradation', 'TCA cycle (ubiquinol-3)', 'Glycerol Phosphate Shuttle', 'beta-Ureidopropionase Deficiency', 'Dihydropyrimidinase Deficiency', 'Benzene metabolism', 'MNGIE (Mitochondrial Neurogastrointestinal Encephalopathy)', 'D-Glyceric Acidura', 'Glycerolipid Metabolism', 'superpathway of parathion degradation', 'TCA cycle (ubiquinol-8)', 'TCA cycle (ubiquinol-0)', 'Pyrimidine Metabolism', 'TCA cycle (ubiquinol-2)', 'TCA cycle (ubiquinol-7)', 'TCA cycle (ubiquinol-9)', '4-hydroxyacetophenone degradation', 'Familial Lipoprotein Lipase Deficiency', 'TCA cycle (ubiquinol-10)', 'Biological oxidations', 'L-Alanine Metabolism', 'firefly bioluminescence', 'TCA cycle (ubiquinol-5)', '4-nitrophenol degradation I', 'Phospholipid Biosynthesis', 'UMP Synthase Deficiency (Orotic Aciduria)', 'TCA Cycle', 'TCA cycle (ubiquinol-4)', 'TCA cycle (ubiquinol-6)'}"
isoniazid,3767,pyridine-4-carbohydrazide,C1=CN=CC=C1C(=O)NN,C6H7N3O,"['Isonicotinic acid hydrazide', '54-85-3', 'Isonicotinohydrazide', 'pyridine-4-carbohydrazide', 'Isoniazide']","{'L-lysine fermentation to acetate and butanoate', 'L-ornithine degradation II (Stickland reaction)', 'superpathway of L-lysine degradation', 'methanol and methylamine oxidation to formaldehyde', 'phenylethylamine degradation I', 'methylamine degradation I', 'superpathway of phenylethylamine degradation', 'deacetylcephalosporin C biosynthesis', 'superpathway of C1 compounds oxidation to CO2', 'superpathway of penicillin, cephalosporin and cephamycin biosynthesis', 'isoniazid activation', 'L-arginine degradation (Stickland reaction)'}"
mepivacaine,4062,"N-(2,6-dimethylphenyl)-1-methylpiperidine-2-carboxamide",CC1=C(C(=CC=C1)C)NC(=O)C2CCCCN2C,C15H22N2O,"['96-88-8', 'N-(2,6-Dimethylphenyl)-1-methylpiperidine-2-carboxamide', 'Carbocaine', 'DL-Mepivacaine', 'Mepivacaina']",{'Mepivacaine Action Pathway'}
metolazone,4170,"7-chloro-2-methyl-3-(2-methylphenyl)-4-oxo-1,2-dihydroquinazoline-6-sulfonamide",CC1NC2=CC(=C(C=C2C(=O)N1C3=CC=CC=C3C)S(=O)(=O)N)Cl,C16H16ClN3O3S,"['17560-51-9', 'Zaroxolyn', 'Diulo', 'Mykrox', 'Microx']",{'Metolazone Action Pathway'}
metronidazole,4173,2-(2-methyl-5-nitroimidazol-1-yl)ethanol,CC1=NC=C(N1CCO)[N+](=O)[O-],C6H9N3O3,"['443-48-1', 'Flagyl', 'Metronidazol', '2-Methyl-5-nitroimidazole-1-ethanol', 'Anagiardil']",
miconazole,4189,"1-[2-(2,4-dichlorophenyl)-2-[(2,4-dichlorophenyl)methoxy]ethyl]imidazole",C1=CC(=C(C=C1Cl)Cl)COC(CN2C=CN=C2)C3=C(C=C(C=C3)Cl)Cl,C18H14Cl4N2O,"['22916-47-8', 'Monistat', 'Monistat IV', 'Daktarin IV', 'Miconazolo']","{'taxol biosynthesis', 'sesamin biosynthesis', 'zymosterol biosynthesis', 'superpathway of rosmarinic acid biosynthesis', 'rosmarinic acid biosynthesis I'}"
milrinone,4197,6-methyl-2-oxo-5-pyridin-4-yl-1H-pyridine-3-carbonitrile,CC1=C(C=C(C(=O)N1)C#N)C2=CC=NC=C2,C12H9N3O,"['78415-72-2', 'Primacor', 'Corotrope', 'Milrinona', 'Milrinonum']",
naftopidil,4418,1-[4-(2-methoxyphenyl)piperazin-1-yl]-3-naphthalen-1-yloxypropan-2-ol,COC1=CC=CC=C1N2CCN(CC2)CC(COC3=CC=CC4=CC=CC=C43)O,C24H28N2O3,"['57149-07-2', 'Flivas', 'KT-611', 'Naftopidil [INN]', 'Avishot']",
nitric oxide,145068,nitric oxide,[N]=O,NO,"['nitrogen monoxide', 'Mononitrogen monoxide', '10102-43-9', 'nitrogen monooxide', 'nitrogen protoxide']","{'Succinate Signaling During Inflammation', 'Metabolism', 'L-Arginine:Glycine Amidinotransferase Deficiency', 'Metabolism of nitric oxide: eNOS activation and regulation', 'Response of Mtb to phagocytosis', 'Creatine Deficiency, Guanidinoacetate Methyltransferase Deficiency', 'Cellular responses to external stimuli', 'Nitric Oxide Signaling Pathway', 'Signaling by VEGF', 'Angiotensin II signaling (acute) in thick ascending limbs', 'nitrite reduction (hemoglobin)', 'Signaling by Nuclear Receptors', 'eNOS activation and regulation', 'protein S-nitrosylation and denitrosylation', 'Phosphodiesterases in neuronal function', 'Spinal Cord Injury', 'Hyperprolinemia Type I', 'eNOS activation', 'NADH to cytochrome bo oxidase electron transfer II', 'Effects of Nitric Oxide', 'Succinate signaling', 'glycerol-3-phosphate to cytochrome bo oxidase electron transfer', 'Signaling Pathways', 'Cellular responses to stress', 'Detoxification of Reactive Oxygen Species', 'Arginine and Proline metabolism ( Arginine and Proline metabolism )', 'superpathway of L-citrulline metabolism', 'ROS and RNS production in phagocytes', 'Guanidinoacetate Methyltransferase Deficiency (GAMT Deficiency)', 'nitrate reduction VII (denitrification)', 'Folate Metabolism', 'citrulline-nitric oxide cycle', 'Disease', 'Renin - Angiotensin System', 'nitric oxide biosynthesis II (mammals)', 'Hyperprolinemia Type II', 'VEGFR2 mediated vascular permeability', 'Vascular smooth muscle contraction', 'succinate to cytochrome bo oxidase electron transfer', 'Ornithine Aminotransferase Deficiency (OAT Deficiency)', 'nitric oxide biosynthesis', 'Arginine and Proline Metabolism', 'Non-genomic estrogen signaling', 'nitrate reduction I (denitrification)', 'NADH to cytochrome bd oxidase electron transfer I', 'Selenium Micronutrient Network', 'D-lactate to cytochrome bo oxidase electron transfer', 'Hemostasis', 'nitric oxide biosynthesis (plants)', 'ammonia oxidation II (anaerobic)', 'nitric oxide biosynthesis III (bacteria)', 'Innate Immune System', 'nitrogen fixation I (ferredoxin)', 'nitrifier denitrification', 'Citrulline-nitric oxide cycle', 'Smooth Muscle Contraction', 'proline to cytochrome bo oxidase electron transfer', 'nitric oxide biosynthesis I (plants)', 'Nitric oxide stimulates guanylate cyclase', 'Arginine: Glycine Amidinotransferase Deficiency (AGAT Deficiency)', 'Endothelin Pathways', 'Prolinemia Type II', 'Platelet homeostasis', 'succinate to cytochrome bd oxidase electron transfer', 'nitrite-dependent anaerobic methane oxidation', 'NADH to cytochrome bo oxidase electron transfer I', 'Vitamin B12 Metabolism', 'Tolerance by Mtb to nitric oxide produced by macrophages', 'Hyperornithinemia with Gyrate Atrophy (HOGA)', 'VEGFA-VEGFR2 Pathway', 'Alzheimers Disease', 'NO/cGMP/PKG mediated Neuroprotection', 'Muscle contraction', 'Amyotrophic lateral sclerosis (ALS)', 'Hyperornithinemia-Hyperammonemia-Homocitrullinuria [HHH-syndrome]', 'Signaling by Receptor Tyrosine Kinases', 'Prolidase Deficiency (PD)', 'NADH to cytochrome bd oxidase electron transfer II', 'Infectious disease', 'ESR-mediated signaling', 'Immune System', 'Association Between Physico-Chemical Features and Toxicity Associated Pathways', 'Latent infection of Homo sapiens with Mycobacterium tuberculosis', 'Ion Channels and Their Functional Role in Vascular Endothelium', 'pyruvate to cytochrome bo oxidase electron transfer', 'miRNA regulation of p53 pathway in prostate cancer', 'PI3K-Akt Signaling Pathway', 'L-citrulline-nitric oxide cycle'}"
phenoxybenzamine,4768,N-benzyl-N-(2-chloroethyl)-1-phenoxypropan-2-amine,CC(COC1=CC=CC=C1)N(CCCl)CC2=CC=CC=C2,C18H22ClNO,"['Dibenyline', 'Dibenzyline', 'Dibenylin', 'Bensylyt', 'Benzylyt']",
phenytoin,1775,"5,5-diphenylimidazolidine-2,4-dione",C1=CC=C(C=C1)C2(C(=O)NC(=O)N2)C3=CC=CC=C3,C15H12N2O2,"['5,5-DIPHENYLHYDANTOIN', '57-41-0', 'Diphenylhydantoin', 'Dilantin', 'Phenytoine']","{'Phenytoin (Antiarrhythmic) Action Pathway', 'Phase I - Functionalization of compounds', 'Fosphenytoin (Antiarrhythmic) Metabolism Pathway', 'Metabolism', 'Cytochrome P450 - arranged by substrate type', 'Biological oxidations', 'Fosphenytoin (Antiarrhythmic) Action Pathway', 'Xenobiotics'}"
pindolol,4828,1-(1H-indol-4-yloxy)-3-(propan-2-ylamino)propan-2-ol,CC(C)NCC(COC1=CC=CC2=C1C=CN2)O,C14H20N2O2,"['Visken', 'Prinodolol', '13523-86-9', 'Betapindol', 'Carvisken']",{'Pindolol Action Pathway'}
probenecid,4911,4-(dipropylsulfamoyl)benzoic acid,CCCN(CCC)S(=O)(=O)C1=CC=C(C=C1)C(=O)O,C13H19NO4S,"['57-66-9', '4-(Dipropylsulfamoyl)benzoic acid', 'Probenecid acid', 'Benemid', 'Probecid']",
prostaglandin I2,159,"5-[5-hydroxy-4-(3-hydroxyoct-1-enyl)-3,3a,4,5,6,6a-hexahydrocyclopenta[b]furan-2-ylidene]pentanoic acid",CCCCCC(C=CC1C(CC2C1CC(=CCCCC(=O)O)O2)O)O,C20H32O5,"['Prostacycline', '5-[5-hydroxy-4-(3-hydroxyoct-1-enyl)-3,3a,4,5,6,6a-hexahydrocyclopenta[b]furan-2-ylidene]pentanoic acid', 'PG-I2', '61849-14-7', 'AC1L18LX']",
pyridoxal phosphate,1051,(4-formyl-5-hydroxy-6-methylpyridin-3-yl)methyl dihydrogen phosphate,CC1=NC=C(C(=C1O)C=O)COP(=O)(O)O,C8H10NO6P,"['Codecarboxylase', 'pyridoxal 5-phosphate', '54-47-7', ""pyridoxal 5'-phosphate"", 'Pyridoxal P']","{'Metabolism', 'Amino acid and derivative metabolism', 'Hypophosphatasia', 'Amino acid synthesis and interconversion (transamination)', 'Methionine salvage pathway', 'Heme synthesis', ""Pyridoxal 5'-phosphate salvage pathway"", 'GABA synthesis', 'Pyridoxamine anabolism', ""Superpathway of pyridoxal 5'-phosphate biosynthesis and salvage"", 'Vitamin B6 Metabolism', 'Metabolism of water-soluble vitamins and cofactors', 'Vitamins B6 activation to pyridoxal phosphate', 'pyridoxamine anabolism', 'Histidine, lysine, phenylalanine, tyrosine, proline and tryptophan catabolism', 'Cysteine synthesis from O-phosphoserine', 'Vitamin B12 Metabolism', 'Mitochondrial iron-sulfur cluster biogenesis', 'Gluconeogenesis', 'Selenium Micronutrient Network', 'Regulation of ornithine decarboxylase (ODC)', 'Degradation of GABA', 'Transmission across Chemical Synapses', 'Sulfur compound metabolism', 'Mycobacterium tuberculosis biological processes', 'Threonine catabolism', 'Selenoamino acid metabolism', 'Cysteine formation from homocysteine', 'Methionine De Novo and Salvage Pathway', 'Glyoxylate metabolism and glycine degradation', 'Vitamin B6 metabolism ( Vitamin B6 metabolism )', 'Selenocysteine synthesis', 'GABA synthesis, release, reuptake and degradation', 'Histidine catabolism', 'Metabolism of polyamines', 'Serine biosynthesis', ""Pyridoxal 5'-phosphate biosynthesis"", 'Folate Metabolism', 'Metabolism of ingested SeMet, Sec, MeSec into H2Se', 'Glycine degradation', 'Neurotransmitter release cycle', 'Amino acid metabolism', 'Degradation of cysteine and homocysteine', 'Carbohydrate metabolism', 'Vitamin B6', 'Glucose metabolism', 'Vitamin B6-dependent and responsive disorders', 'Sulfur amino acid metabolism', 'Folic Acid Network', 'Metabolism of vitamins and cofactors', 'Neuronal System', 'Cysteine synthesis from O-acetylserine', 'Molybdenum cofactor biosynthesis', 'One Carbon Metabolism'}"
raloxifene,5035,[6-hydroxy-2-(4-hydroxyphenyl)-1-benzothiophen-3-yl]-[4-(2-piperidin-1-ylethoxy)phenyl]methanone,C1CCN(CC1)CCOC2=CC=C(C=C2)C(=O)C3=C(SC4=C3C=CC(=C4)O)C5=CC=C(C=C5)O,C28H27NO4S,"['84449-90-1', 'Keoxifene', 'Raloxifeno', 'Raloxifenum', 'Raloxifenum [Latin]']",
roxithromycin,5106,"6-[4-(dimethylamino)-3-hydroxy-6-methyloxan-2-yl]oxy-14-ethyl-7,12,13-trihydroxy-4-(5-hydroxy-4-methoxy-4,6-dimethyloxan-2-yl)oxy-10-(2-methoxyethoxymethoxyimino)-3,5,7,9,11,13-hexamethyl-oxacyclotetradecan-2-one",CCC1C(C(C(C(=NOCOCCOC)C(CC(C(C(C(C(C(=O)O1)C)OC2CC(C(C(O2)C)O)(C)OC)C)OC3C(C(CC(O3)C)N(C)C)O)(C)O)C)C)O)(C)O,C41H76N2O15,"['80214-83-1', 'Erythromycin 9-(-O-[2-methoxyethoxy]methyloxime)', 'AC1L1JMI', 'MCULE-6295450111', 'AN-15195']",
salicylic acid,338,2-hydroxybenzoic acid,C1=CC=C(C(=C1)C(=O)O)O,C7H6O3,"['2-Hydroxybenzoic acid', '69-72-7', 'o-hydroxybenzoic acid', '2-Carboxyphenol', 'o-Carboxyphenol']","{'AtMetExpress overview', 'Phase II - Conjugation of compounds', 'Conjugation of salicylate with glycine', 'Metabolism', 'Salicylic Acid Action Pathway', 'Biological oxidations', 'Amino Acid conjugation', 'Conjugation of carboxylic acids'}"
tolazamide,5503,1-(azepan-1-yl)-3-(4-methylphenyl)sulfonylurea,CC1=CC=C(C=C1)S(=O)(=O)NC(=O)NN2CCCCCC2,C14H21N3O3S,"['Tolinase', '1156-19-0', 'Norglycin', 'Tolanase', 'Diabewas']",
troxipide,5597,"3,4,5-trimethoxy-N-piperidin-3-ylbenzamide",COC1=CC(=CC(=C1OC)OC)C(=O)NC2CCCNC2,C15H22N2O4,"['30751-05-4', 'Aplace', '3,4,5-Trimethoxy-N-(3-piperidyl)benzamide', 'Troxipidum [Latin]', 'KU-54']",{'C5-Branched Dibasic Acid Metabolism'}
vincristine,5978,"methyl (1R,9R,10S,11R,12R,19R)-11-acetyloxy-12-ethyl-4-[(13S,15S,17S)-17-ethyl-17-hydroxy-13-methoxycarbonyl-1,11-diazatetracyclo[13.3.1.04,12.05,10]nonadeca-4(12),5,7,9-tetraen-13-yl]-8-formyl-10-hydroxy-5-methoxy-8,16-diazapentacyclo[10.6.1.01,9.02,7.016,19]nonadeca-2,4,6,13-tetraene-10-carboxylate",CCC1(CC2CC(C3=C(CCN(C2)C1)C4=CC=CC=C4N3)(C5=C(C=C6C(=C5)C78CCN9C7C(C=CC9)(C(C(C8N6C=O)(C(=O)OC)O)OC(=O)C)CC)OC)C(=O)OC)O,C46H56N4O10,"['Leurocristine', '22-Oxovincaleukoblastine', 'Vincrystine', 'Vinkristin', 'Indole alkaloid']","{'Vincristine Action Pathway', 'vindoline and vinblastine biosynthesis'}"
